{
  "project_info": {
    "project_number": "85508929941",
    "firebase_url": "https://adventure-217508.firebaseio.com",
    "project_id": "adventure-217508",
    "storage_bucket": "adventure-217508.appspot.com"
  },
  "client": [
    {
      "client_info": {
        "mobilesdk_app_id": "1:85508929941:android:939a3db4d087ff66",
        "android_client_info": {
          "package_name": "com.hiho.gg.ma"
        }
      },
      "oauth_client": [
        {
          "client_id": "85508929941-gpicgotv2uoilioerchgrc5h45bemkte.apps.googleusercontent.com",
          "client_type": 3
        }
      ],
      "api_key": [
        {
          "current_key": "AIzaSyAijjzxJjxHHK_m5REtjCEDCtVWl2pVOkY"
        }
      ],
      "services": {
        "analytics_service": {
          "status": 1
        },
        "appinvite_service": {
          "status": 1,
          "other_platform_oauth_client": []
        },
        "ads_service": {
          "status": 2
        }
      }
    }
  ],
  "configuration_version": "1"
}